566,162,214,644,107,623,384
471,193,654,592,568,530,418
595,26,525,171,169,259,45
550,275,426,58,226,280,324
34,219,473,579,504,58,565
156,418,442,274,264,603,567
401,446,26,568,193,247,585
8,530,498,68,433,476,596
422,610,58,551,263,325,465
131,444,550,446,595,530,448
177,530,143,117,461,486,299
484,318,365,213,269,316,328
364,171,229,238,633,142,646
58,595,34,217,508,26,211
427,351,401,22,530,206,498
269,373,203,332,595,162,401
442,58,530,326,367,567,48
496,491,568,28,418,66,653
209,11,358,446,6,606,59
519,367,300,53,259,377,356
69,401,272,34,75,422,96
569,372,357,330,530,649,645
551,124,348,606,427,144,233
34,58,498,583,280,402,551
303,360,497,551,530,536,621
364,26,361,446,524,603,220
261,545,96,334,514,58,530
461,171,422,513,419,571,498
58,562,459,464,171,514,209
648,193,624,142,222,484,385
224,171,636,30,469,418,567
530,34,191,567,446,551,65
259,263,568,282,428,69,551
58,615,551,191,427,482,605
78,30,25,557,359,422,8
352,419,250,324,456,144,315
214,651,25,568,202,69,507
114,218,323,352,128,484,107
500,572,305,573,26,408,253
277,49,530,142,466,87,496
62,358,58,34,103,500,155
214,358,65,259,275,217,129
568,408,26,309,191,595,497
358,442,437,191,603,115,193
259,230,26,275,191,298,34
290,200,401,345,96,392,193
444,209,498,367,567,202,408
383,205,144,202,96,236,113
268,146,484,515,145,602,523
332,309,209,503,451,418,497
422,411,503,458,612,526,557
400,460,26,171,419,309,209
203,144,530,238,34,202,117
261,83,551,34,498,69,58
202,69,214,259,408,248,144
402,414,659,617,555,117,141
172,142,198,144,214,297,490
171,551,493,498,159,66,28
202,142,193,173,34,171,148
476,166,408,276,56,571,130
34,567,457,465,568,263,209
356,350,567,176,282,514,204
550,507,78,283,171,568,62
263,344,324,400,243,58,448
443,368,400,542,284,110,123
331,67,423,323,469,58,236
50,251,158,400,448,442,238
111,144,566,238,146,230,422
117,144,582,561,556,56,46
34,219,90,446,14,333,59
241,446,451,171,282,568,273
58,498,374,34,611,142,418
346,34,523,129,225,374,408
46,13,480,536,171,530,321
2,20,100,567,171,583,419
365,280,472,440,449,117,157
351,104,536,309,58,644,442
519,372,315,171,214,49,65
142,259,58,193,219,442,628
176,144,512,243,629,401,621
288,447,449,439,78,208,324
58,650,208,496,142,193,583
14,202,105,53,590,165,44
653,344,275,57,287,267,606
453,80,653,651,446,275,568
503,621,422,650,408,355,488
193,523,568,157,233,226,358
75,422,117,27,489,191,26
448,323,350,171,218,530,581
58,328,647,59,514,408,136
451,498,476,567,517,171,19
193,270,191,251,448,497,151
622,191,576,442,408,275,66
311,278,202,317,461,567,111
96,249,488,321,129,236,67
149,70,568,553,435,28,418
29,644,211,26,13,497,37
334,401,530,267,523,66,193
111,534,275,191,466,408,497
567,496,142,471,461,324,498
216,377,263,275,567,482,258
330,496,530,636,401,202,476
325,50,567,476,319,358,424
614,567,117,530,651,69,10
526,362,142,364,155,646,181
523,166,408,536,480,74,34
200,470,34,401,568,14,422
526,493,516,460,26,483,585
554,604,408,311,137,55,96
551,458,419,171,465,218,283
148,567,401,338,442,566,380
567,448,551,497,26,326,442
523,485,110,217,123,476,551
356,236,427,408,298,443,621
426,497,238,567,530,408,191
408,26,34,426,117,193,393
454,624,408,653,193,659,34
261,550,526,148,117,554,422
476,446,193,422,653,442,650
171,241,401,251,129,34,324
171,241,56,514,448,54,117
400,191,174,342,209,659,603
459,117,331,142,171,422,442
580,193,217,30,309,275,35
155,567,160,596,515,247,132
496,154,437,204,70,69,591
191,576,214,526,507,530,568
659,417,583,492,318,96,346
653,650,204,637,16,530,309
411,34,422,469,377,514,365
88,551,230,292,420,249,171
214,582,333,353,70,188,617
142,96,568,34,26,408,503
214,401,323,567,260,117,193
65,193,58,617,645,85,408
172,419,442,480,530,580,50
498,526,551,155,462,577,37
244,49,568,109,177,24,26
230,70,401,418,275,282,225
356,456,211,478,396,314,406
401,606,422,349,475,653,446
214,401,612,568,551,58,191
482,582,209,401,608,69,142
78,26,535,530,523,265,309
142,58,255,437,82,486,96
193,34,102,418,198,420,401
614,246,650,117,142,568,96
68,446,401,461,231,442,193
26,326,309,169,69,209,14
133,115,58,526,141,303,259
654,448,408,530,193,545,449
649,659,253,448,567,654,251
34,272,552,606,476,335,468
569,608,530,442,382,362,510
209,58,26,530,422,230,438
446,540,551,500,220,533,497
216,90,181,358,446,456,129
629,259,568,171,193,358,638
4,117,408,507,567,34,526
401,251,135,65,145,109,150
449,171,444,442,545,568,408
578,551,451,188,214,34,199
202,96,220,66,78,209,201
476,514,8,347,28,632,408
333,444,415,275,176,79,179
551,497,400,275,117,241,85
578,525,220,238,144,442,142
96,143,572,415,110,312,530
70,44,168,277,109,171,401
537,209,422,442,378,144,75
309,198,418,209,551,191,456
507,339,102,550,551,340,517
26,417,53,209,58,93,41
540,601,470,172,644,193,419
609,58,367,418,484,142,193
104,449,129,77,523,30,497
24,41,446,50,171,94,259
599,653,362,442,273,144,224
559,35,595,347,654,446,126
78,69,583,297,486,418,37
37,238,568,398,422,8,368
178,214,78,58,323,442,401
249,567,58,566,476,193,294
494,551,515,15,514,69,34
464,415,530,449,570,401,446
373,442,400,566,401,275,484
143,214,323,232,27,46,391
58,243,223,65,241,34,225
34,560,220,551,494,66,358
205,34,142,621,476,96,484
306,156,136,171,422,567,631
309,377,536,142,534,514,209
34,497,197,302,171,545,551
568,659,449,459,133,551,448
553,644,220,351,193,412,605
530,321,408,398,135,26,238
318,595,191,623,379,408,34
657,26,442,476,496,143,43
525,517,209,400,551,358,171
507,451,26,216,126,567,470
61,31,27,191,193,443,526
422,392,551,283,317,442,263
193,34,202,514,58,554,562
171,114,567,642,193,497,117
26,526,96,144,117,155,408
604,251,241,26,304,327,339
58,69,212,299,144,214,259
251,358,34,66,551,401,214
560,446,459,408,241,358,530
58,418,465,401,530,26,559
209,553,567,468,98,515,442
358,515,171,124,524,449,85
171,117,206,34,137,500,243
34,434,26,318,241,496,315
214,467,75,328,26,171,621
446,117,129,401,530,383,238
464,48,621,258,171,408,545
658,191,446,568,173,396,103
567,143,530,233,54,348,542
69,117,202,573,348,476,530
142,295,378,45,117,567,498
546,449,427,334,408,50,454
136,28,107,595,48,368,214
90,653,34,659,555,151,552
552,26,433,400,567,497,374
356,121,464,96,19,22,649
123,442,444,408,551,27,129
442,408,34,493,446,117,400
143,193,172,29,263,110,10
193,144,321,419,568,231,171
275,400,79,564,423,422,117
69,11,193,214,339,448,34
37,290,496,263,247,34,202
125,209,409,66,507,338,615
551,438,461,378,422,263,442
100,619,371,401,568,609,545
220,567,626,117,350,314,230
515,408,212,169,644,444,442
456,583,406,633,217,117,658
172,484,193,444,595,526,229
69,408,605,202,259,44,565
449,400,117,85,446,65,220
510,418,403,26,551,500,362
44,551,238,498,496,476,26
129,427,291,251,108,422,275
336,418,244,617,433,103,515
401,493,191,214,171,530,379
514,568,96,422,172,117,34
29,109,34,414,2,551,525
446,214,117,401,633,447,314
507,359,486,117,58,193,545
214,567,230,28,491,179,209
661,26,144,375,496,65,14
193,155,567,399,144,297,484
401,400,523,34,497,553,568
214,568,75,69,168,272,496
449,361,572,642,426,442,191
209,567,47,105,262,135,358
266,496,418,69,442,202,117
372,497,183,110,59,336,551
530,454,230,582,497,568,548
225,283,58,421,536,453,374
567,19,551,117,106,340,69
142,442,367,179,14,314,425
412,117,78,497,609,25,659
209,418,26,551,456,159,607
612,422,603,117,209,193,415
323,214,286,268,117,508,504
442,646,496,530,96,599,151
567,206,423,550,117,257,444
329,263,448,214,321,595,446
292,283,524,551,231,143,117
66,245,230,530,58,220,574
442,422,54,171,525,214,131
319,169,425,8,312,179,313
193,213,325,229,341,559,498
442,465,70,523,428,44,275
211,206,10,514,144,308,567
653,172,34,549,586,90,275
545,504,447,442,606,551,409
628,469,261,418,408,193,309
26,658,123,58,214,442,110
551,422,330,572,363,569,444
147,526,339,514,215,498,444
324,372,231,400,568,384,623
69,606,412,630,653,308,568
422,334,225,567,408,15,500
292,399,410,154,26,375,325
497,157,98,551,226,29,34
251,8,553,142,503,368,96
595,408,565,358,193,446,484
310,646,313,442,401,214,644
568,648,451,191,371,208,613
204,230,499,111,551,76,198
310,34,339,132,652,274,530
241,168,427,446,360,530,422
400,324,414,193,567,231,349
442,123,530,356,214,65,193
427,58,268,95,129,65,191
553,400,595,251,98,497,442
34,144,147,472,648,55,165
476,252,514,422,433,171,69
209,414,102,254,129,659,65
34,553,546,241,496,567,129
362,563,52,496,514,553,214
488,51,421,434,300,653,496
595,214,401,380,570,93,191
496,171,433,244,215,461,88
422,552,34,568,458,653,442
152,422,643,104,546,171,70
595,109,310,621,129,551,530
293,214,551,358,448,660,408
251,567,442,34,400,171,263
358,107,127,400,58,319,197
252,108,551,112,267,91,399
25,172,240,411,102,16,568
515,498,604,142,266,546,214
65,69,401,568,483,561,512
225,443,426,117,422,142,283
514,214,142,260,407,644,96
545,139,318,568,444,422,128
348,251,550,400,129,530,595
628,570,614,446,214,372,400
211,276,129,401,258,356,344
171,26,193,136,323,202,412
5,538,238,209,568,202,213
214,442,203,26,224,77,545
261,654,566,638,491,290,54
190,275,368,417,446,304,470
582,96,436,569,590,401,261
88,250,427,117,171,144,69
56,551,90,401,446,117,160
630,26,241,372,408,401,629
550,466,449,444,551,58,542
65,537,459,34,125,486,191
401,22,622,214,208,365,395
551,172,422,461,352,145,58
444,193,197,251,334,442,58
269,566,37,202,442,638,363
523,469,171,226,497,34,613
370,193,259,214,554,174,578
659,442,422,451,567,85,596
398,234,91,57,496,129,422
172,514,617,51,496,178,551
514,442,202,171,500,263,144
318,271,68,630,26,422,572
568,117,595,376,26,114,473
568,117,519,193,144,561,318
617,254,72,121,203,530,94
44,488,58,69,34,209,214
471,251,654,356,214,217,567
448,332,560,422,235,117,446
574,589,85,408,657,129,632
422,40,66,259,238,530,551
616,224,101,117,35,614,25
170,58,422,25,523,193,449
534,241,568,261,454,292,58
214,655,661,259,552,510,167
21,28,214,9,442,551,335
358,243,275,214,34,427,114
229,124,214,381,85,567,444
193,514,318,427,493,26,551
426,653,401,240,171,420,197
132,96,530,144,193,645,659
523,49,177,60,214,54,567
568,582,497,530,421,171,400
653,442,69,341,551,435,102
124,530,595,267,214,551,34
142,144,402,418,401,214,526
117,428,217,29,408,418,209
260,422,117,566,349,191,275
332,401,530,551,142,408,96
34,47,69,633,442,76,49
193,209,238,260,120,73,128
507,34,144,139,134,58,65
171,190,356,567,51,126,124
567,421,465,44,147,350,609
567,347,72,58,600,496,572
83,259,583,526,109,422,177
26,422,545,650,476,23,198
497,154,251,275,193,117,262
193,58,50,534,118,510,653
275,476,320,484,374,172,414
202,568,640,442,66,385,592
419,95,565,117,530,171,589
111,382,92,58,358,62,595
329,392,568,469,442,367,96
353,476,321,34,124,142,496
567,654,157,480,34,241,603
443,449,64,191,34,70,628
136,9,21,22,144,401,606
492,427,211,375,622,257,380
152,368,214,463,259,454,30
134,91,203,444,566,85,478
266,326,530,503,498,251,585
605,657,551,172,8,259,163
523,410,352,193,449,551,408
442,558,559,360,65,511,217
117,533,414,193,14,327,209
177,33,214,277,497,145,5
214,14,179,228,530,67,568
80,68,448,205,595,160,490
144,212,220,378,514,131,193
90,406,568,155,34,58,400
427,51,630,408,375,171,58
200,621,476,109,551,243,259
498,476,253,202,514,87,603
7,52,263,21,98,484,171
190,617,96,365,496,209,442
484,124,277,408,95,355,542
446,403,251,507,331,554,400
292,382,358,275,408,125,357
25,545,190,412,58,26,147
265,291,362,171,278,96,251
400,508,358,58,147,567,193
165,236,566,98,476,7,496
442,568,400,530,447,393,408
567,26,573,564,500,503,498
422,526,96,226,347,40,71
129,639,124,241,474,251,448
69,566,371,24,422,567,496
214,238,197,69,59,248,439
75,158,497,418,58,51,10
256,554,193,568,191,136,57
26,64,69,42,442,511,243
568,340,202,127,608,69,211
406,275,456,448,449,318,66
53,530,536,58,117,275,400
318,476,579,292,427,171,302
551,347,659,476,373,554,340
214,16,26,142,171,145,159
220,23,410,173,193,70,606
244,323,468,551,567,621,58
446,171,422,275,49,412,34
496,224,214,605,514,550,551
403,197,451,193,414,127,474
117,193,34,205,343,251,644
28,232,150,58,66,496,383
612,276,606,14,305,412,579
317,530,408,172,358,219,306
26,205,530,284,147,358,238
422,209,496,193,373,362,202
251,492,611,552,213,297,617
617,514,34,568,498,398,87
187,514,34,476,494,45,402
476,552,530,171,462,259,517
496,66,408,112,661,318,292
171,142,617,545,117,236,568
58,362,157,171,224,358,26
214,208,323,592,578,238,173
142,442,466,70,454,143,498
69,550,136,64,68,21,171
422,191,80,401,211,458,136
34,382,214,570,241,449,211
653,214,659,567,155,26,572
214,263,357,136,266,637,568
58,260,26,142,11,214,408
217,401,209,551,243,442,124
69,507,144,516,362,259,236
275,470,422,537,551,34,58
26,230,9,28,324,530,4
411,647,263,144,142,514,100
308,154,446,34,408,253,117
58,108,132,530,629,358,595
14,8,28,568,164,193,621
358,568,117,442,27,214,66
54,422,279,418,191,537,571
43,26,337,164,384,248,605
238,292,70,551,256,401,193
418,422,354,650,58,642,401
568,615,408,90,34,117,458
415,142,568,70,514,202,44
621,464,47,570,420,552,595
214,614,620,448,536,661,413
259,367,401,171,34,275,358
259,96,550,75,551,507,158
403,144,251,408,599,352,69
412,443,638,216,266,617,570
79,124,590,490,243,269,422
358,191,567,220,100,30,465
150,465,350,251,326,567,384
58,606,595,340,400,545,191
401,469,484,84,442,595,171
639,422,191,263,568,567,449
323,168,273,408,34,422,144
523,260,321,358,241,378,448
292,339,129,401,115,193,406
202,568,320,409,66,417,499
172,202,476,171,408,281,566
568,323,112,58,50,171,25
644,217,276,309,358,179,165
568,427,514,566,96,217,25
58,251,115,530,422,603,171
427,551,191,60,129,65,275
25,78,191,385,55,608,412
261,461,75,209,244,142,661
568,30,202,25,255,34,145
304,442,362,399,392,217,449
476,354,69,265,26,626,91
142,476,659,422,172,48,300
51,525,568,385,309,209,132
69,261,525,117,536,458,617
65,323,117,551,269,143,109
508,187,26,442,559,567,311
530,653,26,401,611,568,209
530,496,304,259,340,408,344
595,290,442,530,193,554,117
329,446,275,658,352,117,568
34,408,606,507,551,193,58
278,348,562,26,530,229,403
523,448,411,362,329,559,545
103,42,164,130,64,551,309
187,280,176,554,476,425,96
124,26,266,456,515,447,106
33,362,477,589,58,201,264
171,551,226,58,322,496,298
108,92,144,551,401,26,176
202,567,115,367,491,348,365
479,35,7,26,401,496,37
171,523,621,486,191,530,396
400,352,263,468,26,419,171
206,58,85,209,66,141,105
171,446,81,521,263,26,484
653,595,284,647,322,368,171
70,178,612,297,275,553,326
329,446,583,568,497,401,562
567,660,147,214,407,422,58
155,595,555,26,219,90,206
34,408,526,319,59,568,171
514,267,490,628,309,433,212
408,224,69,602,659,568,551
146,21,551,108,117,214,352
380,652,120,480,34,401,514
565,576,108,408,191,556,442
171,409,484,476,376,142,255
73,294,96,412,524,514,144
198,124,550,523,275,530,446
422,370,233,251,193,412,290
514,59,647,26,248,230,442
448,579,224,442,567,350,362
313,422,94,401,514,102,536
412,403,408,270,268,356,422
476,401,172,377,279,217,349
296,28,466,96,418,409,492
58,484,69,422,638,272,217
515,296,253,380,551,408,546
517,14,497,570,464,171,552
298,137,530,292,144,58,26
4,365,69,238,498,168,117
136,381,395,469,344,323,154
136,117,171,203,286,26,142
66,526,482,179,43,69,205
340,129,507,442,117,567,174
14,499,136,8,94,473,574
526,444,530,129,535,459,507
230,595,220,66,275,160,446
151,265,160,34,172,278,644
224,34,595,358,337,286,660
419,406,171,231,461,292,362
578,525,142,230,442,157,309
448,34,206,446,117,219,530
401,476,352,484,496,277,461
171,503,494,408,303,552,583
238,34,275,567,446,375,418
137,629,442,279,111,11,401
352,437,193,263,128,654,319
620,193,548,612,449,323,644
613,52,421,503,34,554,470
408,171,444,417,58,368,412
497,595,553,34,193,467,342
26,58,573,34,201,125,221
632,472,142,419,289,624,151
172,115,372,231,406,498,309
228,412,470,636,444,193,171
142,115,280,33,129,10,214
230,500,573,206,567,483,119
533,448,144,496,552,459,241
318,530,552,147,96,193,69
69,34,193,585,630,28,349
498,224,406,401,606,142,550
608,128,129,448,58,401,422
96,496,117,442,209,309,406
193,551,606,339,34,368,78
34,28,270,68,179,171,321
70,203,148,237,202,34,238
448,117,145,444,523,446,306
219,250,418,496,102,461,288
580,243,523,275,309,124,117
306,251,408,578,128,34,136
476,550,567,248,566,433,413
58,433,399,606,497,474,289
7,34,155,408,209,10,151
132,65,34,129,422,577,595
446,117,248,217,206,191,523
218,551,514,96,326,182,34
142,277,347,496,457,399,37
69,131,309,372,514,408,496
193,507,34,567,191,26,294
171,536,202,261,144,568,170
419,202,551,378,250,536,525
220,408,468,98,29,567,497
433,545,566,137,422,653,586
96,659,118,122,567,26,514
451,258,243,449,65,171,434
263,214,568,639,358,26,551
117,26,171,545,412,446,157
289,572,58,536,442,551,623
401,353,653,359,595,209,30
162,498,263,34,93,496,117
638,617,654,401,214,536,572
356,191,129,422,427,37,193
403,115,523,408,494,412,34
534,155,147,223,551,26,482
446,76,322,117,217,193,171
572,69,499,418,77,58,214
358,303,184,401,214,567,251
266,81,30,34,632,214,16
117,190,567,408,448,2,212
549,58,101,494,203,241,464
45,148,169,568,238,422,358
610,193,408,251,442,65,270
144,280,34,324,309,66,567
418,91,551,58,419,165,107
583,461,563,658,500,523,75
34,622,426,460,259,612,191
591,26,202,408,58,142,419
498,600,224,545,647,568,444
595,193,70,569,442,417,251
347,658,142,567,422,206,214
193,230,238,34,499,184,149
172,645,362,568,442,530,494
39,352,171,58,145,193,340
52,551,400,184,32,193,26
497,226,422,626,583,26,446
358,467,536,275,644,515,567
572,442,118,41,567,214,530
358,267,323,9,470,34,117
440,568,525,129,448,117,205
621,211,548,124,215,291,398
497,555,26,68,271,448,317
169,514,600,267,530,567,212
65,144,211,26,482,41,136
449,273,496,659,617,251,34
499,448,358,623,26,117,446
518,443,100,551,355,297,375
573,659,451,320,617,623,484
257,325,371,352,461,306,34
202,496,269,226,454,44,484
657,523,606,401,645,34,213
85,427,6,26,497,25,450
426,193,339,324,137,280,275
96,251,199,58,53,514,34
498,345,65,554,144,202,458
58,422,275,26,45,193,567
217,241,260,155,497,186,332
352,567,277,75,264,418,142
249,484,334,193,624,476,562
224,321,129,275,538,339,191
117,352,467,412,34,78,358
425,303,18,26,171,449,374
144,469,422,59,202,96,451
568,352,419,402,613,408,78
504,45,392,151,530,283,371
91,209,234,309,469,497,167
568,193,557,352,292,342,606
361,550,552,514,507,545,583
251,93,526,275,402,339,488
142,53,96,309,214,261,514
220,112,316,238,41,70,23
83,144,69,422,659,340,566
193,171,34,72,160,444,360
422,96,75,26,214,408,551
268,454,442,144,58,512,562
157,361,551,226,34,419,426
496,442,499,166,171,551,530
442,563,476,233,26,567,155
310,279,422,41,191,53,26
339,362,117,331,479,612,542
570,401,157,34,654,408,26
155,58,296,219,202,160,365
507,327,519,448,442,87,117
568,44,8,514,47,64,238
252,425,171,574,617,4,496
30,151,69,536,408,572,18
202,206,133,90,530,219,644
224,121,69,181,361,197,74
497,449,626,400,279,178,646
406,422,408,606,288,117,34
119,484,442,333,76,470,568
551,169,449,374,251,135,623
383,551,193,309,335,79,654
583,214,129,257,128,449,400
26,206,251,281,523,551,557
184,579,164,7,448,298,567
319,85,443,325,96,484,476
567,485,399,599,449,443,422
514,357,462,173,496,408,241
232,58,595,555,310,226,426
401,251,408,358,26,525,422
28,202,256,117,551,34,362
403,147,303,26,613,214,271
203,523,453,204,567,241,123
375,154,108,142,564,568,243
442,613,65,268,275,145,34
144,58,96,646,171,469,477
422,75,28,160,9,193,44
26,14,80,117,75,59,530
461,67,398,352,418,92,471
449,263,88,193,168,206,401
284,34,39,32,297,90,28
14,199,523,535,238,220,209
377,58,314,350,497,523,616
611,514,217,75,214,91,92
29,648,26,51,209,69,131
648,638,34,154,468,484,476
356,622,400,551,530,72,214
623,154,523,442,123,328,578
10,54,110,277,401,34,143
318,232,275,551,401,34,292
409,530,183,661,69,26,514
551,98,11,142,7,530,419
362,34,209,418,422,384,417
595,639,211,168,114,530,58
442,84,496,117,551,422,193
523,491,568,551,478,171,449
498,28,422,582,100,612,66
191,446,209,545,507,261,642
223,523,22,211,117,26,243
143,514,566,171,259,353,427
28,37,13,574,339,26,144
314,373,251,252,211,603,191
392,202,496,171,567,535,66
523,340,551,545,153,34,419
58,26,442,144,582,362,507
393,408,392,611,202,496,117
401,358,467,193,34,323,560
147,308,69,255,553,408,253
34,624,246,58,613,422,514
66,144,356,28,204,238,165
117,142,630,530,419,69,442
339,75,96,442,507,69,566
203,170,568,567,115,408,565
362,606,360,178,393,399,102
442,34,396,94,356,91,191
218,314,334,86,551,606,408
34,499,144,567,464,24,562
461,484,231,425,401,355,442
203,595,147,448,289,422,84
34,353,173,169,193,484,442
144,70,28,465,26,558,609
331,442,515,191,2,251,184
514,202,169,530,361,142,498
653,58,75,499,415,296,26
26,220,401,193,14,576,265
374,579,206,245,442,623,567
458,358,401,171,606,583,259
58,367,142,273,117,128,580
191,44,299,624,57,530,275
418,661,406,323,145,214,498
638,162,652,191,117,552,193
514,79,340,133,142,476,96
206,514,58,133,530,419,151
334,26,530,650,50,365,536
214,71,567,595,293,650,51
567,393,408,647,58,524,422
361,312,401,117,66,514,564
496,638,214,224,96,645,569
310,214,497,412,275,568,171
98,26,238,122,358,551,5
250,327,566,379,442,573,224
583,123,497,568,275,548,358
412,482,408,193,600,444,567
244,274,217,480,26,85,596
422,261,202,92,549,418,94
411,372,203,275,551,358,54
347,557,419,403,551,451,172
545,653,34,552,63,248,498
333,607,458,418,561,651,401
442,145,41,58,376,476,613
645,580,368,617,379,191,214
398,58,480,644,7,26,228
157,446,521,19,280,324,124
130,193,568,214,602,480,350
392,408,131,393,577,422,34
16,339,100,408,171,50,202
567,191,427,352,356,442,200
614,633,420,361,653,583,209
259,26,461,661,144,188,96
193,78,448,238,183,70,219
142,567,626,58,361,408,514
492,323,401,589,567,275,391
244,468,482,550,499,443,422
350,100,408,496,314,96,193
351,496,298,491,202,569,612
9,142,214,442,653,573,134
427,610,517,642,566,447,476
426,314,222,117,422,44,58
40,118,352,340,268,19,545
449,191,117,320,270,319,251
201,551,320,117,34,442,339
648,34,14,220,193,142,418
117,624,206,400,191,193,648
294,446,171,551,566,371,480
270,34,58,595,650,418,408
345,259,617,346,583,650,567
530,358,409,621,408,186,214
244,412,603,595,647,606,231
314,600,293,461,193,270,602
400,34,418,497,357,234,55
169,171,96,34,422,362,526
400,583,564,331,523,422,456
474,446,444,321,534,193,526
436,498,118,69,138,96,117
507,263,171,164,374,299,551
134,117,513,203,653,144,643
251,275,523,419,352,446,358
41,401,109,91,191,400,117
213,408,224,297,251,550,449
252,574,34,408,335,568,26
549,193,144,142,168,568,408
451,567,220,193,514,612,28
326,26,356,367,212,616,214
418,486,551,323,310,606,567
233,206,408,193,446,105,314
28,571,75,530,419,563,496
241,34,496,214,427,356,567
572,401,226,134,26,309,538
513,49,144,530,418,263,580
419,69,55,259,214,570,374
241,129,525,485,275,26,551
442,603,395,325,184,552,426
553,102,191,75,358,176,442
70,280,401,285,476,144,534
422,406,300,438,236,402,536
400,53,41,251,448,21,214
476,171,536,467,567,329,514
251,383,422,34,14,449,396
638,446,603,241,459,448,552
287,582,653,420,566,498,26
545,446,549,435,125,360,113
408,566,659,339,606,117,480
29,74,464,401,98,629,644
258,422,574,117,403,442,630
324,220,496,136,117,579,209
202,218,562,328,58,193,330
240,74,510,155,58,412,401
433,117,498,521,251,442,215
580,403,96,461,202,370,485
595,282,286,551,536,526,358
238,26,119,171,117,551,612
57,58,421,45,65,348,229
275,499,442,629,408,420,468
98,29,13,530,402,230,72
595,318,620,515,287,648,582
193,188,408,65,424,211,350
26,41,514,453,136,442,401
241,193,240,152,562,449,39
183,170,191,134,171,367,117
446,211,58,129,260,562,569
401,589,217,568,9,241,356
176,263,551,492,32,209,55
579,69,142,79,372,54,14
217,359,251,583,552,401,211
536,261,34,214,497,572,155
314,572,209,270,88,206,73
650,494,449,567,154,94,375
173,467,572,530,166,567,595
126,251,461,517,400,419,214
561,498,300,463,34,568,248
352,568,542,117,533,492,438
401,171,414,26,96,241,214
358,226,497,139,356,191,554
171,172,133,526,26,214,70
119,58,45,57,422,28,59
229,653,209,348,572,75,144
361,446,610,523,494,337,595
253,523,583,400,446,218,117
76,567,498,339,311,461,362
567,568,542,654,34,564,26
117,567,442,514,326,214,69
173,124,400,275,225,129,557
214,279,461,523,252,226,172
400,393,251,419,461,358,401
599,123,624,472,530,171,423
203,171,446,186,523,412,220
600,361,168,280,26,214,449
401,617,360,275,34,654,530
142,214,83,467,422,567,117
123,633,446,58,191,449,448
190,209,51,644,275,325,8
8,595,523,601,567,647,214
234,77,401,171,408,232,26
442,458,444,468,482,507,526
34,278,124,275,251,51,217
417,629,581,41,368,34,552
514,575,144,567,332,261,214
526,214,367,251,191,172,645
521,236,203,204,172,422,536
93,86,470,422,494,14,44
214,226,268,18,154,58,323
606,512,464,469,130,568,342
567,623,583,613,603,58,193
190,45,226,28,497,238,400
400,124,117,356,448,408,218
350,64,277,109,469,422,568
448,648,252,624,400,442,358
142,217,171,26,216,530,181
13,530,546,545,408,626,537
214,278,560,367,376,58,265
450,515,526,451,214,494,331
563,551,514,59,202,104,361
498,69,26,202,144,184,319
109,403,436,412,336,214,171
642,621,251,278,603,646,446
561,479,171,535,566,339,276
503,380,24,58,562,358,255
26,413,555,497,442,444,257
649,534,117,362,177,95,393
496,184,311,551,186,50,335
595,237,605,446,571,58,193
366,412,26,326,595,446,442
69,66,433,580,288,309,530
408,449,41,58,65,427,120
168,550,144,576,117,422,48
442,424,117,548,34,268,620
610,449,80,193,117,75,403
568,412,462,209,206,546,400
323,209,568,656,475,499,297
91,352,442,372,617,84,162
545,58,141,437,209,214,568
564,568,193,525,113,144,117
568,193,254,65,595,116,525
567,446,149,400,442,24,26
530,408,309,202,142,496,395
422,321,117,79,603,34,523
193,58,422,513,551,121,96
214,446,117,351,470,309,546
352,600,153,123,427,217,58
566,444,496,551,165,25,259
570,358,497,569,626,204,638
418,444,498,102,469,172,518
251,448,422,124,115,442,85
442,23,521,572,166,53,523
615,14,8,100,55,70,496
551,295,96,496,171,69,298
85,372,497,217,401,199,408
494,402,621,176,117,263,202
193,117,26,33,595,551,35
498,193,442,263,26,567,96
214,566,609,469,142,401,515
626,514,442,457,568,623,498
238,560,129,497,300,24,130
319,292,75,23,553,220,603
551,111,437,659,275,214,525
142,514,367,231,326,172,530
270,567,530,231,184,58,69
111,603,117,209,34,226,344
69,309,179,353,148,220,321
191,422,124,567,513,34,198
400,193,442,331,567,206,516
606,467,144,442,206,566,226
329,263,51,214,435,476,275
8,485,96,35,14,26,37
18,11,295,323,514,530,442
568,523,429,437,530,191,464
90,612,181,425,214,74,454
400,358,497,181,219,65,523
69,166,70,567,421,130,422
498,551,488,536,355,332,406
26,231,313,171,401,52,202
533,184,202,578,438,69,566
26,236,88,148,171,321,95
261,58,568,291,309,28,66
58,27,536,568,358,222,171
607,233,350,561,179,523,644
96,39,52,567,8,26,209
602,592,34,400,523,557,231
271,334,188,336,75,117,313
472,242,476,632,567,649,566
231,171,573,259,606,214,240
412,90,545,85,568,151,124
360,400,525,321,660,401,652
215,75,117,230,408,66,469
567,408,69,119,530,34,173
567,553,147,340,468,117,523
110,95,66,170,251,47,203
117,275,55,497,34,548,620
461,34,33,41,422,305,514
34,363,26,143,250,475,123
488,465,378,285,438,171,79
214,400,307,85,63,31,117
214,451,408,449,261,117,409
422,191,595,275,401,451,158
240,654,193,243,157,270,272
275,66,379,374,418,117,14
171,543,507,252,624,40,261
126,372,275,352,620,49,648
34,523,491,447,160,220,147
105,478,21,496,360,567,48
313,568,320,358,307,612,507
143,162,122,484,138,117,243
498,112,252,209,631,193,28
577,644,552,650,538,34,568
427,209,514,85,171,467,69
154,479,567,392,209,551,230
51,530,568,498,496,202,524
420,422,34,191,408,523,406
595,191,442,443,26,406,523
659,406,554,606,595,398,615
142,375,26,442,408,335,617
358,34,192,327,409,193,551
142,408,401,54,69,171,567
35,304,26,275,408,595,34
191,384,186,34,85,314,208
96,381,173,471,608,536,612
94,446,633,115,497,141,442
595,332,606,545,275,341,338
357,150,422,202,181,368,142
188,418,104,422,554,92,53
479,198,498,261,133,659,259
117,52,69,530,133,209,58
44,372,75,58,109,117,26
27,213,34,156,123,46,639
530,53,21,568,442,419,96
145,530,284,115,419,514,318
283,572,444,271,448,568,117
34,172,498,401,117,403,603
193,462,309,297,173,18,523
352,209,422,271,214,406,408
530,279,442,83,523,173,606
518,202,193,123,290,530,498
530,231,352,401,476,461,571
261,568,270,34,157,412,446
423,530,418,494,230,605,354
173,393,34,191,507,37,551
43,358,537,83,241,361,157
356,117,406,209,309,217,530
70,421,26,238,220,142,574
551,566,400,646,241,649,88
514,151,251,198,243,567,274
372,299,231,497,436,568,408
7,26,184,325,379,295,263
565,44,649,401,422,428,313
193,418,419,514,26,364,551
329,37,78,422,400,444,214
317,514,255,354,498,526,193
201,422,333,275,193,312,401
616,158,470,633,554,217,298
476,428,79,95,276,116,202
449,108,358,94,171,408,91
603,605,214,422,568,579,201
128,126,132,134,84,418,153
425,65,530,96,350,26,568
484,661,444,69,377,491,567
136,154,418,191,322,284,214
65,21,108,595,136,358,401
660,254,498,496,292,422,172
443,576,444,449,191,214,171
226,337,583,50,603,654,422
374,381,606,562,63,567,521
567,324,408,191,214,117,360
422,654,396,419,309,498,622
253,143,498,44,26,238,14
494,401,138,117,458,171,515
35,236,306,424,58,654,385
193,58,120,401,412,448,181
631,96,496,171,34,146,230
58,263,333,571,95,245,498
70,151,442,90,193,288,160
55,93,558,497,230,545,268
8,58,525,433,340,580,408
295,142,551,318,654,214,514
530,375,583,21,446,95,191
29,422,39,499,229,408,58
117,562,572,530,617,96,240
372,442,582,476,617,653,650
100,216,26,117,70,375,192
401,112,567,26,218,621,422
660,155,567,28,442,96,554
58,26,49,14,187,95,162
69,476,214,401,356,551,412
191,338,224,606,412,400,358
238,626,286,649,271,158,298
276,629,484,464,115,141,408
191,206,63,299,74,497,168
181,448,482,58,446,551,422
202,537,144,498,8,346,408
427,442,602,568,144,448,378
429,568,422,354,304,476,92
69,530,170,249,42,498,193
78,209,551,80,423,37,124
498,574,266,476,323,496,183
619,442,117,371,647,133,358
401,626,358,143,14,110,579
595,617,572,244,555,171,644
583,442,69,408,144,567,381
129,442,425,65,251,632,34
551,58,425,276,169,148,296
595,171,408,352,34,214,383
578,574,275,384,545,153,355
211,656,252,118,400,523,94
401,451,87,422,211,209,309
117,164,34,295,274,240,346
650,292,645,514,327,117,644
517,193,568,617,583,361,649
475,358,408,197,117,168,361
75,426,442,282,524,473,26
117,358,422,63,224,240,191
612,458,171,628,109,123,70
205,171,95,448,131,572,154
26,569,248,600,66,142,230
208,552,412,117,8,515,135
333,171,244,550,262,433,632
534,409,545,576,398,604,400
231,69,289,418,214,39,352
174,358,567,254,163,164,523
642,446,34,172,231,408,90
165,36,75,482,142,96,58
328,66,136,422,571,408,407
326,47,26,214,114,232,449
25,35,368,496,34,555,16
442,401,660,230,556,640,28
58,569,419,408,289,323,498
312,214,461,300,206,408,65
216,200,143,446,372,191,123
275,75,448,276,358,193,453
444,422,477,572,171,581,367
422,498,311,193,244,58,567
401,345,358,555,193,402,318
117,412,34,314,218,526,576
231,419,213,319,449,469,461
530,571,261,58,69,193,568
284,572,311,46,498,323,261
470,622,330,523,211,241,315
400,408,551,448,377,530,568
230,8,551,411,204,214,44
551,214,244,550,144,259,332
422,6,283,358,55,50,408
458,117,372,210,141,316,58
339,171,469,567,173,33,538
401,155,98,550,250,410,90
545,117,193,554,324,530,326
514,65,241,81,636,356,57
551,383,496,79,65,241,58
350,309,34,568,573,545,422
590,422,108,514,323,40,496
568,628,58,454,96,354,214
472,442,568,496,144,96,158
67,309,34,90,401,28,134
232,193,81,142,34,26,476
401,408,621,449,138,34,448
303,261,160,117,442,273,551
339,117,523,595,224,408,530
120,361,66,124,408,211,51
147,317,605,614,433,401,183
275,401,193,607,503,400,315
53,326,8,465,568,498,69
78,74,238,658,497,651,193
418,26,15,530,191,623,18
418,96,202,401,422,170,408
34,347,92,214,380,69,91
442,323,422,446,319,193,275
339,473,478,362,168,58,510
554,309,357,442,560,28,368
146,53,636,571,171,117,555
115,176,407,476,85,217,314
566,240,422,214,291,142,231
648,191,259,49,316,537,613
145,100,418,496,614,401,117
58,78,626,338,96,496,228
155,530,551,47,117,525,191
442,276,98,193,497,556,240
171,335,7,298,418,568,75
562,422,401,142,352,86,121
365,573,650,401,171,328,451
300,172,633,117,193,85,162
160,496,407,401,231,498,171
573,418,451,500,220,61,525
516,47,484,530,263,274,550
263,603,385,419,236,583,169
28,117,26,422,354,498,470
608,117,129,213,620,612,422
617,498,514,202,429,153,476
256,223,213,572,311,595,166
125,58,648,34,193,101,574
606,58,645,530,398,255,202
480,498,352,220,421,567,209
401,136,319,448,391,498,138
220,117,203,86,442,606,254
523,400,543,427,330,513,44
58,480,595,275,296,400,334
171,234,230,214,240,125,200
259,551,401,145,330,352,365
168,136,617,659,650,408,523
448,236,191,323,451,639,484
595,82,191,150,34,617,131
214,34,422,336,26,202,419
117,551,497,448,181,595,442
530,444,515,171,558,69,422
129,140,280,572,568,615,482
422,658,514,498,621,617,75
567,204,300,659,171,653,525
69,649,583,111,552,296,142
456,401,319,406,117,473,399
355,179,614,34,568,173,408
659,261,650,568,205,309,214
299,110,469,444,442,76,412
496,403,98,553,26,209,578
238,96,401,236,44,121,209
595,34,105,26,449,82,191
209,348,275,400,401,590,426
443,26,138,178,57,309,472
448,129,117,523,58,568,643
94,302,135,172,408,58,171
422,358,303,265,75,653,497
34,309,191,231,117,606,162
334,144,442,408,548,542,34
144,479,401,160,74,422,133
34,355,408,91,142,449,65
220,595,401,248,191,75,573
622,37,498,422,11,568,66
34,117,514,410,349,211,217
337,198,145,250,470,425,461
551,442,34,636,400,503,469
606,567,69,410,401,214,498
551,422,552,545,568,499,652
142,342,96,93,31,554,171
220,44,412,497,595,324,14
214,117,652,403,146,469,448
251,96,241,58,550,507,401
214,75,123,567,373,203,96
446,400,117,183,51,34,408
401,362,497,117,224,50,275
259,117,375,476,243,565,275
418,433,578,268,617,163,244
568,71,251,448,498,112,43
419,530,142,96,13,568,144
58,612,614,160,117,435,551
26,257,358,264,497,198,448
319,568,95,498,642,530,443
259,569,24,144,551,202,401
442,540,423,323,202,268,162
476,58,408,540,328,124,498
337,34,395,376,518,309,69
214,58,296,34,523,193,567
349,14,171,568,28,435,367
157,117,361,617,183,70,422
619,173,34,366,58,551,491
551,637,249,134,117,449,422
202,543,238,408,126,176,568
376,166,655,259,313,133,110
85,400,484,466,401,422,503
418,517,303,193,578,642,622
243,209,530,497,314,85,400
567,564,446,242,358,34,448
259,149,191,422,545,26,476
14,117,326,567,230,203,442
568,129,562,42,31,446,307
151,256,550,484,422,608,567
494,198,444,551,552,595,408
268,569,145,126,352,372,328
551,36,282,644,214,606,412
463,595,193,358,100,605,295
117,551,423,610,224,126,76
34,58,523,466,595,320,448
70,214,611,148,496,142,408
567,533,299,80,659,614,261
254,341,568,117,426,174,214
26,251,427,551,400,104,375
456,419,75,26,66,2,568
530,44,117,567,75,220,35
494,214,188,356,354,117,88
611,408,546,96,202,422,567
249,117,51,104,422,401,644
568,286,574,645,552,498,408
442,237,595,247,65,160,427
27,498,461,551,496,469,214
191,392,446,568,408,362,497
591,171,142,499,566,408,461
49,34,42,422,436,661,243
70,567,34,309,69,418,269
406,550,202,143,530,498,26
193,117,96,323,401,136,422
58,69,95,177,357,372,193
442,392,117,199,418,61,525
148,567,568,400,275,205,293
214,47,224,551,356,408,313
14,525,498,117,186,26,157
536,567,444,408,550,498,645
214,606,656,10,346,29,419
69,58,415,112,202,480,295
214,402,8,358,117,408,25
171,400,484,259,268,165,497
603,316,534,530,646,193,650
454,28,231,372,418,530,100
214,102,115,653,480,193,291
271,228,410,567,34,408,371
241,497,554,401,44,616,400
202,503,187,69,585,568,449
26,489,551,50,605,446,419
75,400,350,442,309,66,499
435,651,202,214,93,34,530
492,75,186,644,286,578,193
51,193,214,35,100,659,213
243,214,129,168,246,567,251
44,26,574,340,117,613,230
217,142,186,241,449,128,120
309,401,326,332,551,408,381
434,136,144,263,478,172,530
358,85,497,478,377,171,191
449,166,563,551,512,171,442
484,56,276,305,354,26,78
400,568,225,26,209,309,275
492,567,358,406,614,117,530
530,69,117,648,372,351,202
524,356,552,595,510,209,334
497,523,163,358,371,449,524
567,263,277,497,109,453,362
603,58,144,34,479,499,86
117,427,155,400,443,457,261
172,611,557,282,251,408,449
442,523,330,480,251,526,567
460,379,339,248,511,181,69
148,553,58,514,566,26,384
471,497,567,34,362,526,345
650,91,374,300,41,537,514
258,260,44,244,193,351,7
603,442,127,231,456,568,530
91,582,136,568,275,353,362
526,422,275,485,446,523,26
70,214,58,499,401,209,651
171,375,268,650,193,568,129
461,400,408,343,448,398,18
177,568,110,401,54,171,115
585,551,498,256,251,640,658
241,129,530,34,466,574,523
568,162,54,567,323,446,551
498,401,612,507,496,406,26
356,568,406,478,473,261,275
209,530,214,224,422,408,498
417,572,424,54,422,66,144
446,449,462,448,523,291,275
238,74,595,449,44,400,171
419,412,648,171,469,69,530
334,214,408,352,551,323,268
216,473,90,193,383,448,479
142,551,151,418,209,498,525
191,650,81,155,101,151,658
524,497,413,115,324,280,193
497,642,267,491,66,291,572
142,449,58,514,96,408,494
535,357,65,437,629,513,569
552,403,550,392,358,444,624
191,193,568,273,184,546,583
198,214,275,442,225,400,52
467,530,202,485,357,568,498
58,251,350,401,448,449,400
567,411,309,85,29,489,530
54,418,166,83,277,422,567
523,229,463,34,564,136,26
610,8,255,75,275,214,309
551,498,96,117,488,554,28
567,535,489,58,85,193,328
568,114,398,193,126,129,58
496,166,130,143,567,237,568
421,659,358,454,171,193,442
384,172,362,568,321,117,633
567,45,47,26,36,334,422
145,353,63,567,64,514,58
456,251,408,603,496,552,202
198,620,217,401,551,611,498
412,137,401,200,551,82,73
515,401,603,275,34,298,305
224,537,568,422,442,507,567
193,296,243,545,401,202,530
96,540,284,568,162,419,143
241,362,53,116,595,71,275
358,364,229,136,523,442,401
8,417,264,314,530,220,443
213,496,171,403,573,137,96
449,446,288,382,448,251,191
446,497,243,385,193,220,34
29,7,567,275,2,623,214
202,102,514,8,568,69,513
171,396,202,401,157,96,408
84,446,650,408,136,545,58
51,536,69,554,214,517,202
568,653,32,659,442,514,96
277,49,244,109,646,42,418
34,142,514,63,321,144,401
617,606,650,123,311,52,476
602,401,378,361,551,433,26
415,343,577,58,568,120,193
319,165,648,272,235,433,193
58,26,210,536,83,275,422
530,299,519,217,476,172,243
69,214,401,230,96,611,408
523,66,28,401,162,181,442
26,653,209,497,650,567,660
560,530,648,34,69,498,224
166,24,14,643,117,56,8
546,224,28,331,270,438,160
117,647,496,143,271,214,44
362,391,422,523,449,400,448
37,100,462,508,512,170,134
113,212,214,307,498,460,274
96,559,498,55,240,209,442
381,418,238,633,576,171,523
484,64,530,58,447,170,498
476,401,164,256,117,217,252
514,567,153,126,148,214,193
117,401,49,34,653,418,129
136,567,358,378,412,125,94
530,572,275,193,191,261,211
413,448,465,595,77,193,275
34,260,347,401,568,408,361
654,422,472,442,558,117,83
523,499,349,193,212,658,275
356,96,100,117,25,144,408
525,526,510,339,571,567,513
14,518,402,555,569,121,271
117,498,543,408,50,44,14
59,260,566,143,268,54,653
400,622,358,93,422,117,595
58,144,127,568,79,26,603
309,133,193,206,117,58,418
654,507,26,16,568,418,601
229,401,151,350,34,289,58
218,224,526,151,412,193,408
644,155,653,65,496,546,408
172,78,70,257,408,214,551
503,319,191,152,567,26,58
178,442,254,193,148,171,449
80,224,76,142,503,545,451
166,34,567,551,400,56,545
58,124,422,113,530,280,85
320,295,427,183,275,184,154
151,181,567,418,446,171,444
26,193,444,631,615,639,77
568,442,69,514,7,498,202
420,566,442,403,521,214,572
69,309,110,346,123,514,96
551,498,155,70,90,443,8
174,449,600,450,26,238,444
653,551,26,408,516,556,193
553,551,241,523,530,121,129
137,257,551,131,422,69,193
418,257,280,275,191,19,228
400,572,568,136,401,254,408
211,433,214,306,449,247,408
241,69,408,217,564,117,567
230,297,413,551,443,567,568
86,459,204,115,26,117,422
58,269,612,344,374,654,123
653,96,282,298,184,309,171
344,202,448,396,117,72,551
358,595,422,607,58,611,400
37,525,650,78,66,448,375
202,117,7,468,422,340,139
311,568,290,595,554,169,251
605,118,589,40,566,171,446
411,552,412,649,179,489,214
530,238,497,14,70,568,414
568,34,418,638,358,466,124
476,172,383,243,377,421,50
361,368,342,241,523,497,595
568,358,58,562,464,457,75
617,530,267,470,573,380,144
478,568,474,146,261,650,606
459,621,117,376,171,617,166
412,171,253,191,578,657,275
230,442,355,567,410,435,88
191,610,408,124,211,275,241
39,216,61,523,402,171,515
193,436,461,358,342,392,567
171,442,417,220,408,250,551
359,400,599,193,609,352,323
117,88,5,551,567,191,26
14,171,123,193,142,530,401
50,191,567,440,393,146,198
172,530,109,469,171,497,551
530,401,542,51,591,202,193
83,566,476,74,462,202,181
408,448,422,117,504,219,570
412,550,142,145,166,171,576
132,379,350,28,8,408,611
393,451,214,36,202,496,476
368,342,214,492,433,191,244
433,309,75,116,353,567,238
356,63,129,65,308,217,568
514,361,96,414,525,214,218
263,550,44,305,395,595,191
108,551,142,66,346,58,202
209,75,69,215,442,8,244
356,26,408,368,451,568,566
659,171,576,358,449,213,218
401,178,658,25,530,124,408
595,34,446,536,118,551,484
497,454,442,457,566,214,571
600,172,476,419,171,263,160
418,144,374,309,182,117,220
217,241,496,134,214,26,58
66,384,115,214,507,572,191
243,181,595,448,155,151,568
468,567,574,433,617,327,244
399,96,125,129,88,353,144
171,400,633,117,462,372,419
172,498,572,202,25,551,231
327,514,629,202,566,193,34
449,241,446,422,434,519,401
497,530,295,523,171,328,326
85,551,171,173,642,148,581
586,575,34,377,592,620,315
595,352,448,279,551,358,446
339,568,540,412,160,285,442
572,15,568,401,18,123,202
608,95,401,530,497,435,171
200,451,418,275,26,117,568
329,96,567,609,209,238,171
231,75,268,496,169,476,530
419,551,263,422,275,231,461
554,405,401,251,217,406,219
400,551,601,497,538,77,511
171,530,418,419,23,26,645
446,557,554,294,243,422,427
661,63,265,171,372,214,202
530,162,104,339,498,69,362
653,361,154,193,650,34,551
636,600,202,354,317,614,34
551,142,58,581,402,624,316
66,629,209,280,8,83,442
583,568,590,422,275,446,147
449,47,279,251,401,446,565
218,209,193,442,58,314,513
329,401,400,275,446,611,54
480,470,408,362,193,339,507
58,53,401,188,551,88,171
645,551,230,28,102,193,499
401,86,65,160,567,421,449
425,26,171,79,321,33,471
448,102,129,221,223,645,628
279,129,293,551,371,356,76
351,450,568,152,115,595,191
142,145,321,236,139,69,214
54,143,124,129,275,276,449
446,8,303,568,428,259,442
34,568,79,553,339,410,191
467,650,408,515,368,357,498
122,117,523,476,171,595,507
480,346,550,433,241,147,468
422,568,449,115,551,567,260
408,418,564,309,230,648,220
36,230,83,8,198,275,607
117,215,422,245,414,225,193
90,171,251,392,427,401,339
58,419,264,201,338,259,359
314,75,322,551,424,69,171
214,287,359,466,79,489,595
202,653,567,401,375,494,144
567,58,551,523,166,275,433
279,361,442,393,568,652,402
58,26,186,334,11,263,214
581,442,530,414,65,251,268
193,660,652,661,340,358,58
476,275,526,497,439,446,571
401,58,220,69,171,422,209
372,193,523,271,286,26,54
433,69,499,238,660,496,28
309,530,34,202,10,353,540
155,58,214,57,422,410,562
214,9,607,40,50,191,567
143,378,530,653,115,177,202
230,70,115,209,384,202,151
637,58,248,497,63,50,155
497,453,624,401,418,613,236
367,656,660,318,561,484,295
324,238,242,226,69,401,496
193,653,334,545,26,551,476
106,214,323,144,566,43,73
24,117,442,130,136,419,401
34,54,530,444,156,338,525
595,275,318,335,530,526,295
484,422,576,263,352,24,53
214,309,494,551,585,571,171
193,28,456,470,217,75,434
567,401,141,117,34,583,400
234,514,437,266,58,216,553
352,419,150,170,566,249,567
603,562,551,442,317,253,190
451,558,26,448,422,286,104
484,34,383,546,343,198,447
392,285,401,171,476,178,26
560,201,507,408,551,468,259
523,357,259,273,446,191,352
606,279,364,379,400,324,442
568,339,178,449,567,191,578
451,214,578,16,507,100,530
138,518,113,401,126,225,498
566,442,172,58,132,214,293
497,412,595,214,326,507,87
568,214,35,497,530,401,238
417,602,363,409,615,11,14
449,171,26,193,552,326,409
237,442,116,144,168,197,91
275,551,362,323,159,326,538
568,158,610,214,321,551,117
275,86,654,523,617,54,552
497,241,422,401,626,448,350
460,58,309,514,401,640,142
314,218,23,652,567,171,118
61,236,26,340,568,72,353
484,96,551,58,442,26,530
530,467,171,398,244,72,523
123,66,34,147,67,54,75
117,147,65,421,85,599,228
442,58,406,595,276,649,213
34,275,508,200,358,327,414
652,214,339,617,659,373,650
138,530,611,408,171,569,651
530,107,108,523,401,442,422
61,400,217,37,401,53,78
567,442,595,551,412,323,358
171,83,583,23,253,567,644
562,259,638,530,275,323,224
302,295,193,26,2,370,10
214,566,321,259,572,69,659
26,108,147,442,214,408,605
171,408,130,220,8,230,418
551,456,406,566,177,358,419
103,572,91,606,408,135,193
144,96,213,21,362,69,34
583,554,408,498,252,548,429
168,567,449,375,164,448,332
92,275,551,45,248,358,73
323,496,176,90,202,644,336
211,299,133,435,497,129,217
358,34,232,448,446,28,139
26,448,34,131,67,595,275
438,341,324,533,214,13,498
28,551,442,34,435,628,147
551,246,129,401,340,567,576
58,251,117,382,144,202,262
418,339,140,357,553,358,530
172,484,567,453,26,263,418
117,58,401,171,110,595,400
107,422,595,275,660,408,198
191,220,193,87,350,358,131
499,65,5,444,421,507,26
650,545,595,34,476,566,122
538,251,408,323,279,117,225
484,191,442,400,534,263,419
325,650,613,408,446,184,164
238,568,408,230,551,33,69
171,259,162,139,407,163,67
491,372,323,28,69,145,405
559,96,136,116,308,58,6
490,412,632,648,358,497,513
408,450,570,295,595,630,646
283,446,44,26,34,568,418
490,442,59,272,248,117,8
193,534,567,408,58,117,5
325,259,214,26,360,492,44
442,230,193,28,126,169,44
611,230,361,530,96,422,171
442,58,66,173,79,270,605
82,422,74,58,44,5,446
595,570,617,567,408,629,309
217,171,305,35,16,449,26
192,412,78,568,259,465,545
263,171,469,581,476,439,155
419,551,96,58,171,144,112
318,650,69,286,450,536,271
568,251,184,275,648,58,193
265,34,340,238,313,244,496
568,474,418,442,214,497,324
362,117,275,567,497,171,241
19,177,54,498,49,477,261
134,142,372,206,170,75,467
422,273,58,299,34,181,81
392,654,230,439,621,96,181
379,496,261,408,530,6,519
426,583,30,646,415,401,214
465,566,338,191,476,617,530
275,545,26,128,503,40,523
7,339,129,117,26,56,68
293,454,203,595,400,523,191
325,184,69,292,603,34,50
530,496,240,231,145,219,214
334,137,305,145,499,58,263
171,530,69,449,142,442,536
595,358,536,193,66,251,191
442,34,66,530,44,400,401
186,224,324,362,400,426,214
442,422,319,446,449,260,400
275,336,225,298,126,358,151
422,78,117,230,59,64,193
467,147,69,129,655,437,496
623,275,319,292,393,483,657
567,85,82,298,58,423,259
498,252,117,552,67,422,61
514,224,412,551,177,363,556
126,400,278,442,523,568,446
517,238,523,449,568,70,151
253,244,468,449,241,247,497
422,523,494,578,400,244,433
114,123,211,398,661,530,124
585,219,408,551,358,93,442
551,284,117,469,204,157,58
552,30,514,25,448,171,567
155,58,264,201,608,612,553
401,517,553,193,567,372,26
333,193,523,412,355,659,26
605,28,178,551,442,173,357
484,171,471,419,470,263,514
530,25,202,16,142,69,370
497,24,90,401,494,568,412
497,198,74,53,58,578,530
14,654,275,309,350,237,358
193,310,546,422,171,603,519
422,309,408,621,117,498,583
193,191,192,21,198,211,129
617,126,202,530,91,259,26
295,325,260,559,224,413,480
554,45,251,653,480,96,261
309,526,639,568,376,244,26
101,208,514,530,444,468,171
442,650,577,401,545,596,358
193,332,34,78,607,144,375
278,473,636,279,333,205,519
259,632,100,383,96,567,624
287,59,637,119,69,173,408
537,312,567,191,231,214,303
34,50,526,555,444,36,263
534,530,567,420,58,169,444
554,193,293,526,442,401,408
117,34,54,526,507,550,567
377,26,69,410,650,572,74
408,442,530,275,267,523,526
30,55,514,640,422,268,39
566,174,498,230,26,25,51
193,595,464,153,283,135,191
14,589,28,260,408,75,237
433,568,551,326,530,440,576
171,268,551,142,401,144,202
463,184,193,26,331,249,406
475,58,358,261,418,34,485
483,134,259,551,270,568,553
58,280,282,514,202,226,200
567,251,578,551,199,448,554
361,412,401,233,408,497,403
530,358,448,595,523,317,401
470,568,26,144,530,403,567
551,253,117,177,201,372,461
412,526,566,569,61,247,302
442,515,298,117,476,90,78
577,129,133,26,295,168,400
58,472,448,214,645,442,514
401,448,425,217,279,568,179
96,34,295,214,568,184,325
552,66,78,58,530,308,235
567,650,221,496,377,193,66
249,67,660,323,84,167,214
362,252,74,160,628,206,219
214,179,226,125,533,358,401
191,117,658,123,471,523,275
144,567,241,147,65,55,583
632,636,230,583,454,181,443
523,214,484,530,442,125,163
361,157,202,615,659,476,617
96,450,117,144,567,299,507
557,209,457,408,142,567,171
422,34,314,328,58,456,88
281,26,202,8,278,560,262
142,217,341,277,26,408,117
568,171,632,659,358,79,58
214,566,145,96,222,220,144
568,523,400,510,254,355,199
117,304,408,534,136,568,191
117,550,567,568,53,434,92
620,613,442,358,338,26,659
459,422,448,611,545,224,606
251,551,279,606,530,377,331
352,26,444,535,371,145,585
653,117,275,442,129,283,650
58,468,257,147,34,238,223
157,45,309,654,214,83,144
72,117,526,418,75,62,256
214,551,486,568,400,311,358
426,658,232,442,497,230,81
177,644,172,117,193,163,566
401,523,601,117,193,524,402
41,129,418,568,537,595,21
551,204,123,193,220,14,96
117,567,191,66,224,304,126
440,220,230,70,412,111,309
372,653,534,557,401,400,58
461,352,252,422,193,460,157
469,567,85,90,566,356,358
358,568,290,652,524,483,222
447,129,275,151,74,217,206
381,448,193,422,507,145,446
283,52,363,558,117,606,523
69,460,169,117,530,211,292
44,570,567,530,230,551,646
371,85,244,144,142,433,214
319,292,114,377,554,328,62
171,400,442,566,193,14,8
314,77,142,482,380,567,514
254,86,199,60,449,244,408
530,26,567,377,83,356,614
606,427,171,580,595,400,85
595,523,376,201,552,110,650
499,551,425,244,457,193,283
34,568,134,170,214,530,66
269,498,433,171,101,408,244
357,556,638,449,526,339,295
551,211,69,171,514,243,614
142,28,75,31,525,26,72
551,209,309,583,530,555,422
249,306,401,26,171,562,211
26,448,67,478,583,191,567
202,323,521,461,408,640,442
69,550,530,524,476,171,514
275,497,346,446,117,292,222
191,446,229,551,492,448,411
545,25,442,649,214,638,514
498,202,401,567,514,551,109
400,143,476,507,484,550,560
530,34,259,58,211,417,515
451,261,572,398,659,545,567
275,235,193,530,595,358,652
606,314,371,661,614,64,297
65,136,620,321,322,193,330
517,414,124,85,642,497,171
307,8,355,70,346,408,78
456,406,401,567,216,260,434
228,40,530,146,319,4,251
253,408,231,147,26,69,476
545,412,302,595,654,553,449
26,536,530,551,69,566,480
7,214,456,442,26,261,184
275,567,209,422,147,551,238
401,370,41,551,50,144,171
523,235,191,444,568,651,276
530,209,44,68,358,156,573
251,523,191,344,326,422,519
117,352,142,171,69,551,145
427,449,552,183,622,477,59
44,622,5,142,381,8,538
83,193,205,191,160,28,209
497,442,446,34,408,567,255
348,400,153,292,568,318,659
446,583,545,228,191,568,606
68,54,419,5,210,402,171
442,484,559,422,158,263,58
537,231,223,60,530,464,448
45,408,191,553,98,193,209
498,34,230,566,66,193,259
446,117,214,304,191,523,284
422,530,69,320,144,162,49
261,330,491,41,117,92,209
26,461,420,124,65,202,282
422,202,259,438,381,545,171
34,76,408,124,309,560,530
54,46,573,215,76,408,102
303,221,358,606,171,600,231
241,622,356,34,202,548,408
447,446,58,412,608,323,314
595,565,198,295,422,85,58
408,55,309,193,182,117,484
212,651,578,568,408,209,69
58,530,26,34,241,401,243
524,309,90,530,117,418,202
92,359,353,530,58,422,356
142,130,408,331,160,24,109
34,412,525,617,327,117,171
356,211,523,177,442,401,143
567,238,530,44,446,29,606
263,164,258,514,551,130,399
96,34,173,170,37,228,84
511,4,401,645,650,9,129
263,131,568,595,321,151,191
358,443,442,253,550,568,117
419,193,402,13,214,290,559
171,400,270,408,34,442,329
608,323,162,497,117,193,352
442,403,383,523,494,451,26
400,622,510,275,191,14,237
49,650,358,595,401,296,603
476,568,550,274,144,468,117
568,70,464,619,202,379,569
650,358,232,412,179,334,58
628,273,526,551,376,567,511
530,451,442,65,106,34,462
400,442,224,73,356,34,568
536,193,34,578,144,94,408
567,372,54,474,422,408,143
422,442,446,26,358,117,129
568,551,373,117,148,193,39
408,214,497,633,193,578,181
329,100,172,408,117,496,433
496,605,567,34,503,58,48
571,492,34,573,253,26,155
566,659,368,342,521,259,512
142,285,653,235,204,309,171
66,498,214,309,296,422,171
96,193,46,44,422,200,69
79,408,530,257,172,327,153
309,418,426,533,568,378,446
214,134,203,68,649,408,582
523,25,571,333,52,395,145
28,289,115,153,442,75,530
199,179,138,26,263,518,476
202,551,251,568,440,582,78
393,211,356,442,124,644,472
311,448,201,401,408,233,92
496,428,100,419,58,353,551
74,567,214,644,219,549,296
360,240,58,408,422,184,28
422,434,144,406,499,462,193
476,548,408,653,542,401,523
121,653,321,193,313,568,214
649,323,446,313,400,314,642
58,352,69,442,100,602,282
595,401,25,251,193,26,61
468,70,233,516,497,551,193
100,190,98,376,497,171,550
309,245,515,552,126,331,401
238,69,345,421,209,117,263
519,199,567,75,184,8,66
401,568,26,514,111,193,552
317,362,566,567,507,171,560
400,129,562,446,4,252,88
568,226,11,162,18,209,444
422,480,451,412,560,566,375
110,653,142,401,60,498,117
275,143,58,182,449,26,567
279,335,5,6,442,408,418
568,193,401,37,65,523,615
468,361,34,285,499,244,124
572,244,332,96,496,656,578
401,219,206,74,29,469,583
555,263,214,126,442,617,163
314,293,69,525,251,230,374
214,300,449,568,211,503,229
241,211,58,595,362,219,236
567,408,576,117,611,244,86
193,129,269,275,58,422,143
498,329,251,69,241,551,91
411,606,421,142,26,412,365
214,209,98,131,5,81,132
75,328,402,211,498,202,108
113,85,128,107,125,129,171
463,419,401,530,403,497,60
356,44,37,26,427,448,70
171,530,551,58,73,293,211
344,117,261,415,401,251,497
106,26,96,318,456,220,34
568,580,422,525,523,595,326
358,293,402,193,422,362,356
58,117,209,16,551,171,371
53,117,136,514,568,77,247
498,596,124,69,144,117,155
568,295,442,171,530,352,367
26,422,401,497,59,358,507
310,567,426,333,171,460,403
174,58,136,238,187,422,278
36,551,498,202,75,214,71
164,4,653,155,567,59,277
496,468,551,309,608,26,142
372,550,490,113,568,55,35
484,322,263,117,16,35,69
171,107,422,356,65,34,174
69,96,454,491,58,259,422
144,409,496,248,461,343,138
537,117,480,144,58,368,259
259,108,142,94,289,444,222
26,236,447,534,592,190,462
362,461,378,401,493,446,422
181,299,58,193,142,96,496
461,442,241,401,395,341,571
117,319,496,182,537,171,283
566,479,144,142,74,69,514
534,124,173,193,117,176,214
117,281,401,58,645,262,622
418,249,67,214,80,427,484
446,263,546,623,105,408,368
243,448,361,203,442,567,275
131,77,567,530,4,110,177
91,530,198,171,275,26,552
438,513,120,497,129,26,78
400,448,568,412,117,638,545
28,119,171,236,225,299,173
312,202,333,442,179,238,169
165,427,26,543,94,243,418
34,238,568,70,117,269,400
276,55,551,35,331,519,30
231,117,144,516,519,324,482
151,280,358,191,419,400,535
422,449,96,328,251,542,145
92,85,135,129,102,215,449
537,206,241,400,492,513,85
567,261,508,606,568,408,213
85,392,560,275,525,34,401
214,442,508,25,28,66,605
309,193,145,209,69,442,75
124,448,645,58,567,551,198
313,142,90,96,530,514,209
65,228,253,401,317,202,365
567,534,304,400,34,401,275
574,568,171,419,381,461,143
422,401,46,521,263,408,68
659,157,408,426,393,193,497
410,171,173,448,425,567,408
429,551,448,408,645,26,200
595,405,462,321,213,356,358
568,554,422,117,176,136,142
171,41,514,136,274,21,263
220,14,536,58,530,122,88
444,558,448,477,434,545,151
263,172,536,123,95,595,408
116,468,595,58,401,421,607
422,219,205,117,484,461,646
216,101,244,444,263,202,261
557,295,198,217,251,126,117
334,358,275,193,401,422,423
650,401,54,412,409,559,259
67,214,54,220,418,115,26
251,449,191,34,66,87,178
422,573,158,193,658,171,503
209,78,117,398,105,214,498
464,548,568,299,408,551,483
251,171,400,410,321,85,34
314,333,309,498,167,26,69
425,26,108,438,418,21,91
374,567,102,100,26,70,566
191,310,154,567,401,263,526
530,228,100,602,476,400,479
30,261,442,568,31,462,144
117,101,26,326,443,311,376
536,498,214,507,96,27,353
567,551,422,219,98,214,595
129,497,406,401,233,358,552
583,59,442,334,197,361,565
224,554,129,275,358,251,324
96,469,144,449,362,526,585
567,401,26,92,422,191,217
595,271,268,123,171,400,530
306,117,408,496,498,468,340
381,367,422,427,58,551,214
163,569,562,658,548,69,153
401,146,563,650,358,50,400
170,530,428,263,461,275,172
611,55,251,442,310,497,420
226,215,191,241,348,595,58
453,233,551,144,271,514,530
117,568,566,121,583,406,174
632,102,49,567,26,144,34
422,401,476,111,461,36,112
275,595,167,491,400,442,512
344,309,468,498,567,568,467
29,238,144,55,34,422,327
536,422,490,476,34,514,562
401,422,467,470,503,478,33
7,204,107,496,263,70,221
65,58,251,612,568,47,96
32,117,604,606,422,339,25
358,526,219,422,444,448,74
65,258,131,426,442,427,633
523,263,323,184,59,88,566
236,231,556,179,209,84,418
633,406,589,579,599,352,408
603,144,612,442,34,608,115
370,360,232,5,157,571,280
333,202,467,261,342,171,411
58,555,214,567,551,408,318
214,165,422,551,567,119,400
34,115,659,127,401,536,275
442,26,259,422,408,44,46
305,595,442,152,449,70,551
649,580,152,408,403,446,615
484,512,275,325,610,58,26
427,260,224,26,568,356,376
535,659,443,58,297,530,331
26,248,408,650,498,421,622
565,496,470,259,424,162,451
437,171,575,7,530,514,485
202,209,554,149,117,442,290
479,371,58,202,565,69,608
28,14,401,374,415,572,209
319,310,568,408,206,616,608
476,279,174,489,274,142,250
523,525,557,333,418,275,191
422,132,171,27,442,617,572
567,591,144,633,193,372,542
382,523,262,403,265,400,171
565,367,85,326,96,646,217
171,309,255,419,405,35,401
326,519,26,191,558,551,238
117,61,198,472,188,218,267
230,615,96,58,458,28,8
54,372,514,74,123,268,342
275,54,124,578,422,497,429
117,26,523,275,653,358,429
449,408,446,661,129,437,241
109,621,530,570,142,562,145
30,566,530,550,235,568,420
214,193,408,75,84,100,555
129,400,552,583,297,173,117
172,419,461,184,425,476,288
28,288,422,75,340,165,235
171,117,498,279,443,637,30
149,246,230,238,79,98,34
412,14,132,131,545,446,497
645,638,449,214,67,448,95
385,442,420,566,514,468,621
497,122,5,98,45,214,523
626,600,401,177,211,58,646
608,69,108,568,408,345,382
565,130,251,325,166,526,319
309,208,292,380,246,496,268
401,471,117,315,330,193,293
400,53,523,595,444,448,171
468,449,510,240,266,393,553
34,250,80,261,444,5,295
647,201,393,193,442,171,264
142,498,285,361,514,566,153
203,514,377,334,58,352,231
422,567,297,348,570,545,214
401,427,470,26,228,368,44
568,171,55,65,82,363,44
653,446,116,562,470,638,422
493,263,446,469,259,558,530
96,33,629,484,653,568,408
75,34,230,354,309,238,14
275,191,163,268,292,280,324
323,34,336,24,567,117,451
568,546,206,191,339,358,34
198,437,551,568,342,645,256
241,595,433,65,575,244,486
136,144,276,90,323,74,567
198,450,410,70,340,11,34
606,446,591,243,497,13,171
400,401,408,171,530,415,58
69,378,169,498,208,148,570
266,314,422,241,42,456,523
551,181,446,523,214,519,70
401,275,279,276,408,568,240
442,55,18,660,604,567,259
193,226,566,259,401,13,214
58,602,34,133,567,401,650
142,144,537,514,638,241,192
23,514,568,147,112,19,401
408,155,214,466,606,543,275
555,523,535,551,606,507,442
193,117,218,144,142,653,418
503,400,66,376,568,523,26
191,16,25,145,497,461,567
480,442,472,327,69,323,564
170,214,65,633,422,583,493
396,323,191,637,321,530,275
148,15,79,263,172,230,169
214,22,122,492,461,30,16
13,524,69,644,480,514,58
542,567,448,241,442,106,292
514,224,567,144,357,498,6
96,427,454,69,408,144,498
442,530,151,557,624,58,75
152,521,193,358,566,129,138
34,600,318,642,26,591,553
82,132,498,117,255,142,407
243,633,446,230,530,26,109
408,297,34,171,422,456,307
193,334,216,314,218,567,70
85,236,58,251,358,437,338
302,193,58,442,117,604,366
552,568,92,497,251,191,603
358,262,449,444,551,251,621
242,34,145,191,138,365,401
653,64,34,171,570,24,621
59,34,250,324,157,595,280
619,214,259,601,617,58,171
205,514,285,636,573,480,69
533,378,226,472,623,401,560
77,644,96,498,139,321,251
449,305,512,645,214,58,34
650,34,21,567,166,96,321
193,552,170,214,408,606,545
535,76,401,567,425,433,209
181,206,583,549,628,413,171
66,442,377,75,604,214,64
551,379,28,496,568,144,526
488,172,453,551,400,245,229
572,523,173,309,66,442,368
198,211,240,26,567,178,34
96,653,368,545,295,325,184
21,428,117,567,58,171,209
206,53,40,530,429,469,41
193,568,442,496,34,96,26
171,58,86,552,401,193,523
77,530,132,150,653,193,50
8,400,171,255,616,219,230
33,268,476,638,34,58,172
638,145,368,523,568,417,461
202,567,214,464,401,73,514
69,498,39,533,340,297,59
335,295,34,595,184,546,536
172,499,171,365,70,13,496
448,191,382,519,212,422,241
568,612,356,530,171,226,142
117,334,217,427,331,198,218
400,264,218,551,444,448,500
408,556,565,69,538,144,507
521,115,153,65,323,69,392
181,212,34,54,248,408,477
157,238,293,422,617,193,78
422,476,364,456,271,444,233
214,530,172,367,461,275,456
551,202,514,613,133,206,90
26,126,583,353,247,422,102
496,172,31,245,473,422,477
155,211,448,408,129,193,65
514,419,408,554,221,413,155
46,644,436,446,276,26,583
193,136,191,558,66,540,595
451,503,659,497,403,530,358
568,644,143,209,69,309,567
93,567,137,536,507,88,537
498,425,69,251,314,482,491
142,323,145,372,568,268,76
241,129,392,553,325,362,427
92,41,412,603,209,636,568
586,157,374,646,383,396,438
171,49,216,422,123,54,221
263,356,476,117,206,379,498
171,492,442,653,568,617,374
51,644,567,35,424,530,142
568,461,214,235,469,58,69
400,486,493,34,214,172,399
653,421,442,358,595,567,530
358,568,259,442,475,206,171
197,442,362,497,241,25,137
566,26,476,557,214,530,372
448,359,358,413,651,275,492
70,263,636,608,214,77,484
560,286,214,144,182,558,251
376,536,117,567,280,157,550
66,144,334,238,230,372,480
338,426,657,448,523,383,213
14,514,79,572,556,267,212
606,193,530,344,645,34,9
347,479,209,203,58,484,26
202,251,140,192,408,243,345
521,34,514,496,526,401,530
498,530,324,551,263,34,60
361,210,530,566,182,496,606
451,476,358,650,102,554,617
171,540,147,44,172,537,433
117,507,303,329,551,362,391
214,567,401,523,34,171,117
401,106,498,422,214,409,465
425,422,292,8,568,498,69
638,264,530,498,309,228,256
422,530,314,339,209,144,19
422,400,354,367,449,240,157
69,8,590,309,58,122,408
456,551,142,26,476,278,585
449,219,9,58,22,408,275
340,433,465,605,468,358,530
211,15,530,422,203,65,400
69,530,521,496,307,551,193
9,479,478,422,356,337,226
252,422,446,331,94,348,352
530,171,58,344,523,261,572
105,193,250,351,168,275,315
523,566,325,150,358,551,567
605,305,434,400,408,34,530
23,117,418,497,350,290,193
311,294,372,530,373,49,117
193,283,595,475,143,400,488
36,50,9,572,4,144,209
264,299,22,65,400,567,201
402,305,255,154,384,480,545
117,653,90,358,261,209,46
193,550,184,212,362,98,116
65,53,551,186,58,567,408
171,372,69,357,220,256,96
444,58,259,566,442,26,271
117,582,401,542,592,422,370
117,78,418,190,84,28,497
250,317,20,209,253,418,309
566,117,193,66,55,259,617
94,476,79,615,595,497,236
523,497,566,34,138,188,117
4,231,480,408,530,633,422
257,223,422,162,26,208,530
568,171,90,595,339,362,242
214,54,498,352,110,419,269
18,206,69,120,427,26,171
567,449,223,214,217,400,318
400,560,553,523,367,448,497
359,442,446,469,292,366,358
142,204,653,621,551,203,202
198,595,94,442,567,358,171
206,400,524,595,358,315,442
157,640,323,422,530,419,171
642,475,427,583,358,65,58
653,297,144,134,436,443,117
454,525,205,422,530,400,65
567,340,421,357,476,518,422
295,408,454,402,448,129,144
530,30,523,659,365,617,442
332,94,427,408,311,269,476
259,77,606,498,58,617,622
16,629,657,550,6,572,393
217,142,214,514,193,117,144
202,69,128,422,96,362,526
218,400,566,214,567,438,358
551,530,350,28,26,582,499
497,429,33,400,442,422,568
179,58,50,525,512,292,171
652,326,172,568,446,616,116
585,263,193,318,466,240,26
302,419,245,193,442,171,408
232,393,251,595,314,617,77
498,650,171,148,26,261,321
446,448,349,550,623,65,26
422,23,44,530,419,446,309
362,339,383,568,26,25,55
566,568,70,507,442,469,225
299,399,612,35,638,568,214
558,446,214,449,583,275,251
551,206,71,422,73,476,469
289,191,130,332,263,193,56
26,209,29,525,157,58,401
253,442,129,530,211,251,596
39,160,278,155,229,422,400
484,467,408,202,650,572,551
540,69,94,34,551,92,498
193,614,34,497,137,275,551
576,26,568,352,345,98,28
292,171,652,600,251,589,206
551,318,117,435,40,442,603
554,75,536,193,567,408,507
214,58,288,154,205,422,606
292,145,65,319,566,658,540
372,244,642,275,235,631,639
324,4,112,144,614,568,58
65,523,497,449,320,318,322
552,278,496,530,514,26,555
567,44,550,66,202,117,498
96,372,546,34,65,498,383
401,166,511,34,419,374,461
191,359,214,603,77,568,552
24,595,171,42,469,530,78
422,358,408,595,254,117,400
256,224,526,212,339,523,595
171,530,361,436,103,514,271
567,517,592,611,573,449,91
51,199,190,178,412,611,568
28,533,601,469,401,422,182
211,356,602,85,34,314,142
5,29,617,408,251,446,568
569,437,69,329,645,96,215
37,599,117,567,23,70,144
358,54,476,427,361,537,382
166,58,569,422,193,408,329
401,144,226,171,442,174,636
567,408,124,382,454,608,458
148,166,401,496,560,321,24
144,525,142,478,28,514,214
595,422,448,275,403,523,26
90,346,8,34,82,309,203
375,328,340,211,332,149,244
471,117,261,230,595,341,649
496,44,117,214,610,263,26
469,551,595,578,442,553,171
263,469,444,177,286,401,193
638,596,514,650,240,570,259
568,230,26,422,129,220,442
353,400,446,449,497,34,572
449,351,525,49,442,434,275
425,651,326,75,309,28,209
526,171,308,462,407,91,591
272,554,229,497,550,117,55
156,621,530,69,476,210,408
117,214,58,448,626,408,186
572,256,467,297,418,28,650
231,58,28,117,514,498,34
14,275,358,58,171,193,592
214,442,102,567,26,324,200
251,442,129,179,523,214,568
136,50,551,202,94,9,21
523,567,356,652,65,401,251
446,566,530,497,391,621,270
514,34,69,521,494,259,645
123,516,573,566,523,546,592
58,275,551,566,401,524,312
523,245,656,297,421,58,214
209,418,130,546,411,349,54
230,568,223,202,105,624,614
69,442,132,568,423,289,170
621,58,645,595,650,654,193
356,326,498,403,171,251,496
400,34,129,530,470,595,553
614,275,352,51,141,408,174
65,225,241,2,442,145,310
606,142,50,83,422,551,155
340,214,14,220,209,147,144
268,578,39,241,7,352,145
220,568,434,442,26,314,230
408,426,442,295,292,255,525
44,222,421,75,66,193,117
568,269,551,567,408,645,480
106,551,311,228,575,660,530
212,268,191,74,273,442,95
442,469,263,519,78,117,478
595,617,109,157,442,66,264
566,379,184,206,220,248,568
91,21,121,551,582,521,427
367,448,326,224,659,442,446
523,359,95,652,58,442,526
574,285,551,562,145,589,418
58,401,480,497,408,26,446
408,653,563,438,299,530,403
155,461,408,595,160,219,613
275,191,220,446,551,402,251
172,293,61,230,162,503,117
65,236,271,169,170,449,344
411,353,34,567,425,171,191
50,96,406,496,657,566,171
567,230,171,568,202,32,498
444,91,171,575,654,156,136
205,451,551,408,630,95,595
25,309,275,551,400,595,224
442,331,422,354,61,13,530
606,142,566,171,26,507,545
551,58,456,406,350,202,144
147,174,96,555,26,69,408
482,605,367,615,457,398,408
498,117,21,144,69,654,476
211,184,442,243,623,326,551
116,513,551,113,595,567,65
203,110,421,222,498,170,568
498,568,443,96,530,259,117
52,214,34,191,11,297,309
28,536,117,446,261,599,333
545,261,259,551,34,349,400
479,171,551,602,586,469,253
496,568,530,408,193,543,171
340,349,214,433,51,244,567
231,34,446,401,362,606,181
275,571,595,193,110,573,590
444,507,265,34,448,171,589
284,375,212,203,268,142,144
162,260,95,442,187,6,419
100,259,419,325,82,567,139
484,401,211,359,191,497,427
545,193,621,8,606,171,58
103,401,530,400,57,49,117
127,561,211,244,176,556,63
566,533,551,96,277,193,644
87,408,178,214,285,193,448
650,497,358,568,148,408,418
41,65,92,660,449,34,53
408,414,507,117,412,446,443
470,256,611,497,553,403,427
560,484,58,40,231,352,136
449,496,318,567,116,198,499
96,171,277,78,66,147,70
222,382,233,448,214,229,348
193,546,414,654,241,217,209
106,476,44,172,58,293,408
49,275,497,484,151,111,259
69,661,79,96,75,236,291
442,523,530,400,448,50,80
401,58,84,214,202,419,144
129,551,117,616,96,568,93
66,46,26,58,171,408,304
335,572,422,503,496,117,377
599,283,58,608,211,408,422
572,555,209,69,202,309,34
568,58,238,448,446,190,408
408,442,21,58,602,92,260
551,75,566,142,579,28,343
34,201,470,451,442,256,191
56,214,53,408,191,21,595
576,439,193,408,5,480,275
372,117,608,566,612,476,275
422,514,566,55,412,644,57
191,294,251,654,333,219,212
26,654,617,352,171,245,472
283,360,144,631,259,639,401
44,233,545,214,193,105,497
174,160,90,490,577,26,140
58,446,166,448,26,7,351
311,498,287,568,254,142,213
76,26,649,496,122,422,209
536,400,26,446,417,448,294
568,267,193,550,214,206,212
214,656,285,193,87,241,242
568,644,58,69,507,557,137
318,116,230,497,309,193,248
44,408,422,70,592,171,550
414,229,123,117,333,595,309
118,425,58,50,582,146,263
560,58,26,243,85,144,514
136,565,514,551,534,375,96
69,28,132,567,530,617,26
424,442,34,58,551,210,412
238,446,444,359,645,442,65
526,260,193,263,408,600,37
568,34,233,348,358,570,206
530,231,422,400,409,551,191
259,34,385,278,35,85,58
647,619,551,425,34,638,58
172,422,523,493,259,193,461
304,214,595,318,82,327,231
530,209,646,400,8,34,169
526,361,412,603,408,400,497
129,630,241,142,58,472,171
400,90,273,566,352,220,31
219,356,308,145,375,551,214
569,562,176,408,26,617,216
362,569,358,241,117,449,655
49,399,275,453,339,612,497
507,117,567,636,19,75,645
331,26,349,191,243,497,446
408,496,568,284,14,567,348
34,83,408,241,657,26,58
204,325,656,551,606,526,408
144,173,498,530,214,75,134
230,142,259,551,263,229,26
568,54,449,422,535,177,498
51,312,143,191,309,8,306
552,53,568,216,530,171,96
442,523,236,650,34,659,653
567,396,155,566,214,259,142
8,422,144,26,96,373,498
75,130,46,143,110,530,27
326,66,307,341,422,644,368
53,551,530,26,69,653,172
418,573,72,408,352,202,549
382,595,654,26,58,523,191
275,46,321,351,508,372,638
209,573,312,304,418,553,466
124,503,346,254,275,214,653
401,444,467,321,550,117,34
66,568,400,58,447,642,191
51,514,190,58,16,526,278
442,108,401,530,264,328,191
568,26,171,640,58,399,550
191,400,193,403,408,105,461
220,510,362,422,448,260,65
358,561,214,181,171,74,595
514,110,76,484,391,526,215
66,511,497,401,472,551,574
28,147,401,437,434,422,66
193,103,572,26,551,530,123
619,523,494,58,193,411,171
56,496,130,468,193,69,480
448,567,417,214,26,362,283
13,69,7,2,514,496,217
202,408,265,70,66,518,499
567,585,497,583,566,401,589
607,523,143,358,14,530,49
530,331,371,96,172,171,580
34,144,193,297,172,58,231
88,142,117,456,96,34,408
647,551,58,650,653,617,408
358,376,608,34,81,400,442
76,361,324,568,292,278,124
454,231,96,193,306,606,514
530,202,633,339,606,514,117
567,193,568,80,606,408,109
516,85,243,449,275,65,282
464,424,26,211,567,34,576
498,442,34,75,58,621,567
151,160,323,171,567,401,26
567,357,442,171,496,202,324
442,251,94,422,241,21,214
234,171,275,338,523,117,576
408,446,337,442,84,251,129
535,352,145,231,525,408,96
69,34,464,519,171,221,530
566,58,75,652,28,145,210
621,75,614,551,211,595,523
568,476,214,202,75,659,514
323,223,524,476,379,117,123
134,4,170,583,191,615,507
562,403,523,93,422,530,595
329,283,378,8,230,64,438
233,314,408,26,480,595,260
467,400,492,39,246,542,191
145,204,206,329,268,476,74
568,211,117,356,400,65,427
422,497,177,117,226,401,305
231,171,117,461,309,34,272
217,129,202,159,567,171,241
323,530,576,249,523,401,16
523,107,70,44,117,238,448
400,94,66,332,595,136,525
650,396,202,448,422,478,278
514,324,28,202,60,530,418
34,214,440,308,629,427,58
358,567,8,248,557,171,177
553,133,614,364,313,400,468
35,551,26,405,498,142,259
142,514,530,69,471,171,568
333,567,476,414,231,352,401
595,409,400,211,350,171,448
442,425,557,171,446,533,572
224,403,49,354,449,551,221
583,222,617,420,58,568,193
136,434,191,124,2,448,400
26,606,400,653,617,467,553
564,551,26,498,291,568,171
367,268,480,306,323,335,302
362,523,198,550,448,224,442
155,551,606,400,401,160,630
497,259,567,363,352,523,551
408,497,111,193,115,62,334
334,218,124,345,335,69,551
230,90,78,523,37,446,233
111,231,26,309,11,202,477
202,220,496,566,55,341,238
378,34,551,236,343,401,422
275,205,46,184,400,259,20
603,551,266,151,66,284,230
356,117,187,26,211,360,504
442,470,251,75,526,507,183
96,88,138,553,340,26,144
2,261,401,236,525,26,14
219,484,567,275,478,523,568
418,86,26,209,75,138,117
220,583,256,215,523,275,191
263,231,568,193,567,145,530
117,648,18,525,497,426,191
34,442,422,295,268,367,326
142,231,496,58,566,26,461
26,49,498,572,448,266,422
400,380,178,358,446,305,567
193,209,96,220,163,144,638
332,476,400,659,530,566,379
121,315,193,358,124,125,356
187,184,567,553,530,274,121
58,202,617,34,568,144,653
280,566,444,28,214,26,96
503,288,164,566,202,420,243
568,567,59,44,385,58,401
26,530,309,442,145,268,283
53,444,507,552,41,92,65
477,574,638,144,579,570,96
96,551,461,484,392,401,589
606,435,144,335,482,8,230
26,422,292,450,69,184,578
425,58,308,282,193,177,28
7,142,401,422,435,193,58
26,154,498,96,193,66,514
567,65,407,260,428,409,142
26,155,401,64,31,69,142
371,408,377,57,422,535,172
567,607,262,171,191,265,654
26,214,293,202,157,480,130
530,120,230,567,193,153,573
420,117,653,155,259,567,408
523,453,209,442,16,433,406
401,260,418,191,567,309,28
59,422,69,96,48,63,28
494,193,406,197,567,577,62
214,49,654,54,265,275,523
65,124,530,405,306,523,550
58,165,44,401,211,551,422
94,470,400,210,34,332,442
118,414,362,356,568,171,50
124,621,651,449,617,563,451
469,260,28,34,117,309,359
120,401,514,368,659,483,644
406,540,272,595,497,198,124
251,26,419,315,614,58,191
446,580,359,595,602,610,401
439,40,224,118,78,362,318
418,123,600,490,624,521,568
446,209,191,220,21,28,91
13,58,514,263,6,568,34
523,283,566,442,401,230,542
351,491,65,469,449,448,177
497,401,55,16,26,251,484
198,197,400,248,530,500,595
551,317,552,476,257,142,58
21,568,214,530,204,53,108
214,183,497,526,454,122,401
132,303,403,567,205,606,551
94,232,555,34,209,216,214
401,523,572,88,446,497,562
245,319,567,433,553,58,442
576,191,360,603,204,464,317
400,422,265,291,442,278,606
58,412,254,449,533,538,26
233,26,348,422,186,259,142
419,162,54,323,523,171,172
37,193,9,25,209,78,572
213,224,51,339,58,275,401
58,237,220,275,78,660,449
350,644,408,567,465,422,313
434,408,519,26,202,577,220
275,172,212,267,497,476,226
323,275,515,358,340,595,468
448,254,551,514,31,203,367
37,613,75,309,34,202,26
446,21,358,58,171,400,339
361,433,171,401,536,533,69
551,171,321,83,419,144,496
358,566,442,400,446,323,334
568,567,603,258,291,275,551
638,179,193,482,568,590,550
427,442,59,401,211,85,488
37,261,148,26,78,173,58
446,414,214,263,31,408,259
401,496,617,468,26,202,458
469,352,236,214,259,145,321
525,653,401,568,28,219,206
309,117,238,154,34,568,475
34,258,58,480,251,490,51
469,117,246,523,250,154,446
154,171,511,567,187,121,422
263,551,58,34,484,26,182
443,172,323,145,484,419,214
214,129,660,470,511,211,217
159,142,24,408,419,145,401
606,280,524,494,232,567,400
145,446,269,442,323,259,311
548,340,568,358,456,34,132
568,74,69,599,37,647,28
633,172,384,171,410,117,551
202,425,156,214,411,34,27
514,289,214,656,171,206,203
24,523,47,638,629,583,214
193,449,231,323,81,344,348
401,34,483,241,427,497,54
40,9,406,251,344,368,530
243,595,605,523,254,191,275
271,653,545,572,26,209,650
466,346,144,69,551,202,439
659,141,308,442,115,568,358
209,244,530,413,224,496,408
83,45,117,422,401,550,129
178,535,357,55,147,371,476
402,164,422,653,117,69,142
575,214,142,540,424,197,653
260,263,400,582,214,464,172
515,568,199,221,401,514,579
427,497,83,85,65,169,401
171,27,442,263,271,449,83
34,8,485,442,534,279,240
497,442,523,358,174,148,374
567,69,248,183,476,530,276
274,191,214,251,650,525,174
603,530,177,551,523,64,47
9,85,4,117,215,545,606
142,44,401,26,19,14,498
285,244,549,551,444,253,422
483,458,171,115,418,621,191
275,70,54,277,34,26,412
44,147,251,95,523,530,8
202,644,568,260,295,448,498
305,14,530,496,171,94,230
443,117,58,611,69,296,142
54,422,507,500,26,202,33
408,419,352,418,461,323,567
359,171,448,162,603,26,535
514,496,406,571,422,408,648
171,419,172,484,566,608,486
171,103,448,172,461,350,546
567,511,659,449,124,595,121
530,318,412,449,568,446,34
214,523,400,33,448,278,58
117,485,273,303,238,329,58
141,422,58,503,595,348,214
53,526,246,554,449,408,41
202,278,69,551,408,530,567
595,551,474,524,117,465,413
300,607,8,147,560,58,26
69,461,437,96,253,34,525
123,640,54,228,26,163,422
400,606,523,418,568,642,314
422,354,566,442,355,346,171
496,242,376,202,442,360,85
368,419,417,371,295,260,145
77,340,102,26,551,442,499
58,171,567,402,75,55,28
606,400,523,553,412,34,339
313,233,601,526,147,219,358
174,129,339,199,138,553,125
422,209,231,464,621,309,582
69,137,496,202,25,614,583
466,94,214,65,326,34,442
69,363,34,551,211,354,442
378,614,144,213,366,66,299
26,34,401,231,214,173,530
433,630,341,572,66,536,461
406,74,429,142,477,117,155
412,142,339,606,173,7,425
172,530,144,408,186,579,405
209,142,303,414,433,233,222
418,162,367,514,34,77,230
58,221,442,318,34,323,184
427,552,241,317,442,299,129
284,530,202,568,18,442,422
442,58,21,88,408,76,266
358,135,94,606,530,380,422
117,551,356,456,119,211,60
526,361,567,166,568,28,66
408,203,595,84,560,525,181
79,138,236,113,238,44,567
208,58,279,26,142,368,422
536,34,605,418,164,525,63
606,546,292,275,530,264,319
523,554,229,295,449,241,358
162,28,49,193,514,413,401
117,187,141,193,362,104,553
498,171,61,533,98,142,214
14,26,479,171,44,462,144
197,318,70,530,325,141,191
24,275,47,342,530,478,65
367,464,317,214,606,442,174
514,122,34,551,205,552,76
145,559,488,480,461,595,576
434,214,631,488,568,198,14
468,33,352,142,553,69,268
31,442,567,214,26,127,230
385,424,596,374,653,573,442
373,225,34,567,571,193,498
472,574,143,636,64,608,372
308,291,382,211,41,129,117
26,240,572,568,550,143,442
500,650,173,551,659,358,43
279,171,443,434,530,566,26
117,570,396,403,653,552,222
254,187,566,259,274,173,171
422,169,283,173,131,572,551
276,530,595,259,426,476,280
530,567,401,653,142,366,179
8,358,130,602,269,661,545
214,496,658,442,579,450,218
513,442,533,48,518,378,43
384,545,605,402,337,261,26
442,401,146,171,144,556,202
193,220,358,476,259,141,545
401,292,305,84,606,412,191
275,34,551,422,583,595,126
41,94,108,117,465,444,58
568,276,448,191,275,65,371
499,96,159,582,511,92,483
142,91,530,252,559,34,294
268,401,461,214,449,657,65
50,412,162,423,95,554,653
25,543,263,309,461,19,117
259,58,24,96,650,496,514
144,243,124,622,496,621,96
178,181,117,659,446,408,372
418,583,209,226,168,264,552
158,77,383,147,34,275,70
41,400,214,198,446,191,135
449,530,26,497,358,79,323
572,66,144,401,530,96,173
171,374,496,514,530,211,494
44,193,279,253,14,407,42
90,58,160,57,358,255,543
567,549,551,579,230,147,433
78,83,567,214,640,275,570
476,191,567,412,497,606,525
163,282,310,469,523,133,120
219,155,96,566,408,90,514
114,75,632,605,523,14,66
261,412,422,34,572,650,500
275,78,5,401,60,35,595
375,34,514,461,422,559,379
427,553,309,167,142,568,67
367,401,659,121,652,442,650
136,461,343,322,422,524,129
142,105,124,421,209,427,171
442,90,568,292,58,595,275
66,496,142,568,629,418,551
372,617,530,653,34,240,253
412,603,383,503,88,170,610
171,530,408,219,571,117,551
221,368,21,41,551,171,401
92,251,26,568,427,422,94
514,371,340,422,246,536,572
66,408,155,259,469,566,117
262,551,540,378,442,171,136
400,530,568,5,18,241,486
480,567,257,339,231,115,400
437,74,408,400,418,446,238
272,202,530,34,8,442,171
136,191,497,35,566,640,243
475,139,205,526,58,476,353
187,44,78,530,659,375,96
44,110,11,530,26,58,177
144,256,123,603,96,606,402
474,58,406,292,427,442,224
477,545,275,326,574,309,601
422,401,217,471,535,34,101
203,332,323,261,461,79,626
418,408,13,523,537,214,205
611,372,642,551,132,77,530
412,20,551,222,151,514,313
117,658,554,496,96,28,443
334,275,567,566,400,117,533
268,231,83,5,466,36,142
476,359,69,437,323,464,500
191,585,595,568,66,171,380
193,147,377,332,20,646,566
514,401,658,215,251,217,498
230,400,236,140,126,115,644
96,654,217,385,530,144,117
78,171,79,567,380,551,51
58,41,26,94,59,442,275
449,54,69,498,162,414,171
568,497,603,422,570,552,637
96,298,142,171,401,259,476
85,449,217,485,205,58,324
507,15,292,442,171,603,407
579,422,465,117,340,202,142
498,568,202,656,567,78,193
342,355,427,171,275,446,595
171,109,391,476,338,238,123
568,514,117,417,567,412,479
555,568,408,134,26,402,347
512,90,420,434,333,427,191
27,230,108,448,67,47,191
413,512,356,449,127,607,524
297,358,230,442,253,376,448
523,454,193,220,230,358,275
526,442,477,26,353,523,469
212,23,118,498,299,193,545
407,76,69,88,422,116,34
58,449,290,222,567,202,456
464,649,442,88,193,550,566
44,567,333,142,403,77,337
437,442,191,567,6,136,320
181,92,442,134,34,153,74
144,171,229,606,435,583,96
214,499,144,429,514,78,265
408,613,659,498,475,493,572
401,231,476,283,573,551,383
144,271,568,142,476,286,420
129,139,211,214,583,464,241
448,427,5,71,10,236,251
259,270,566,422,26,136,94
117,408,149,275,58,63,59
219,518,526,117,474,498,58
144,352,381,95,408,221,401
220,92,209,422,274,158,137
212,167,323,419,160,428,268
209,422,19,4,471,58,497
401,375,101,275,154,439,400
209,372,193,461,398,319,82
58,523,259,172,603,465,401
193,601,427,569,437,449,376
442,550,444,106,412,526,224
551,214,530,470,351,144,543
197,117,408,514,181,498,288
94,568,191,385,336,442,225
70,414,334,626,44,117,171
323,433,193,551,26,50,567
70,569,220,401,408,14,624
142,18,15,660,193,96,26
568,523,323,243,332,566,158
446,400,117,653,442,214,619
193,551,496,66,644,566,144
125,535,489,243,204,371,656
229,560,568,8,562,498,309
515,241,70,193,398,251,312
309,608,95,653,202,340,365
129,400,241,442,193,422,377
241,251,58,551,85,122,34
69,26,260,514,255,653,117
142,354,85,96,115,250,530
11,48,401,583,69,202,26
274,401,352,291,226,323,58
407,361,457,202,251,385,69
496,422,34,566,142,624,650
193,660,259,204,280,226,69
144,8,334,367,583,622,543
442,414,214,193,26,146,129
96,484,69,211,580,214,121
523,530,551,311,422,619,425
275,523,358,551,261,411,568
22,275,400,523,171,408,530
276,507,448,400,79,661,422
216,551,131,342,173,297,258
568,85,117,34,157,109,426
408,26,321,629,34,602,583
230,568,209,142,592,44,336
171,34,562,290,275,147,276
326,402,26,596,259,350,434
171,548,448,401,191,341,275
270,58,92,329,458,241,422
